[
  {
    "id": "cde3abbf-877e-4b61-96ef-8b9abb759a8a",
    "data": [
      {
        "text": "Any place for ",
        "userDefined": false
      },
      {
        "text": "lamb",
        "meta": "@FoodItemsVWK",
        "alias": "fooditemsvwk",
        "userDefined": false
      },
      {
        "text": "?",
        "userDefined": false
      }
    ],
    "isTemplate": false,
    "count": 0,
    "lang": "en",
    "updated": 0
  },
  {
    "id": "b0969ede-efbe-48be-9243-af0f495efaf1",
    "data": [
      {
        "text": "Any ",
        "userDefined": false
      },
      {
        "text": "lamb",
        "meta": "@FoodItemsVWK",
        "alias": "fooditemsvwk",
        "userDefined": false
      },
      {
        "text": " places?",
        "userDefined": false
      }
    ],
    "isTemplate": false,
    "count": 0,
    "lang": "en",
    "updated": 0
  },
  {
    "id": "35c02925-8020-4c62-be82-1793cfd47724",
    "data": [
      {
        "text": "Where is the best ",
        "userDefined": false
      },
      {
        "text": "sushi",
        "meta": "@FoodItemsVWK",
        "alias": "fooditemsvwk",
        "userDefined": false
      },
      {
        "text": "?",
        "userDefined": false
      }
    ],
    "isTemplate": false,
    "count": 0,
    "lang": "en",
    "updated": 0
  },
  {
    "id": "145c1802-b44c-4c29-8d6b-e3d27245d288",
    "data": [
      {
        "text": "Where can I get the best ",
        "userDefined": false
      },
      {
        "text": "mac n cheese",
        "meta": "@FoodItemsVWK",
        "alias": "fooditemsvwk",
        "userDefined": false
      },
      {
        "text": "?",
        "userDefined": false
      }
    ],
    "isTemplate": false,
    "count": 0,
    "lang": "en",
    "updated": 0
  },
  {
    "id": "d913654f-359a-4457-b785-130e04cb434b",
    "data": [
      {
        "text": "I need a big ",
        "userDefined": false
      },
      {
        "text": "burrito",
        "meta": "@FoodItemsVWK",
        "alias": "fooditemsvwk",
        "userDefined": false
      }
    ],
    "isTemplate": false,
    "count": 0,
    "lang": "en",
    "updated": 0
  },
  {
    "id": "1027e789-df41-4746-936d-24aa9d6deebc",
    "data": [
      {
        "text": "I feel like having ",
        "userDefined": false
      },
      {
        "text": "mac n cheese",
        "meta": "@FoodItemsVWK",
        "alias": "fooditemsvwk",
        "userDefined": false
      }
    ],
    "isTemplate": false,
    "count": 0,
    "lang": "en",
    "updated": 0
  },
  {
    "id": "49f5cfaa-b4ed-4927-95f0-e0e7a390d805",
    "data": [
      {
        "text": "I want ",
        "userDefined": false
      },
      {
        "text": "lamb",
        "meta": "@FoodItemsVWK",
        "alias": "fooditemsvwk",
        "userDefined": false
      }
    ],
    "isTemplate": false,
    "count": 0,
    "lang": "en",
    "updated": 0
  },
  {
    "id": "92696d6f-69b2-453c-9b25-f97446947edf",
    "data": [
      {
        "text": "Is there any place where I can get ",
        "userDefined": false
      },
      {
        "text": "butter chicken",
        "meta": "@FoodItemsVWK",
        "alias": "fooditemsvwk",
        "userDefined": false
      },
      {
        "text": "?",
        "userDefined": false
      }
    ],
    "isTemplate": false,
    "count": 0,
    "lang": "en",
    "updated": 0
  },
  {
    "id": "ca2eb3d3-2ded-4f53-95db-44d0b58eae74",
    "data": [
      {
        "text": "Where can I get a good ",
        "userDefined": false
      },
      {
        "text": "wrap",
        "meta": "@FoodItemsVWK",
        "alias": "fooditemsvwk",
        "userDefined": false
      },
      {
        "text": "?",
        "userDefined": false
      }
    ],
    "isTemplate": false,
    "count": 0,
    "lang": "en",
    "updated": 0
  },
  {
    "id": "cf17cfb6-7b81-48ad-9dc6-296a8e8eab0b",
    "data": [
      {
        "text": "I want a sushi",
        "userDefined": false
      }
    ],
    "isTemplate": false,
    "count": 0,
    "lang": "en",
    "updated": 0
  },
  {
    "id": "506bbfb2-1d3c-4a98-9544-24f5e675ad79",
    "data": [
      {
        "text": "I want ",
        "userDefined": false
      },
      {
        "text": "salads",
        "meta": "@FoodItems",
        "alias": "fooditems",
        "userDefined": false
      }
    ],
    "isTemplate": false,
    "count": 0,
    "lang": "en",
    "updated": 0
  },
  {
    "id": "1ad6b8a0-9397-4a7d-817c-0e173c7ad8c4",
    "data": [
      {
        "text": "I want to try ",
        "userDefined": false
      },
      {
        "text": "cuisine from around the globe",
        "meta": "@FoodItemsVWK",
        "alias": "fooditemsvwk",
        "userDefined": false
      }
    ],
    "isTemplate": false,
    "count": 0,
    "lang": "en",
    "updated": 0
  },
  {
    "id": "0593c3d0-5bb0-45ee-b4a7-38a5682f08e4",
    "data": [
      {
        "text": "I\u0027m new here where can I get ",
        "userDefined": false
      },
      {
        "text": "cuisine from around the globe",
        "meta": "@FoodItemsVWK",
        "alias": "fooditemsvwk",
        "userDefined": false
      },
      {
        "text": "?",
        "userDefined": false
      }
    ],
    "isTemplate": false,
    "count": 0,
    "lang": "en",
    "updated": 0
  }
]