[
  {
    "id": "4c7eab07-271a-42c8-a7e4-7715853a31ec",
    "data": [
      {
        "text": "I am lost I need location till ",
        "userDefined": false
      },
      {
        "text": "marycrest",
        "meta": "@DiningHall",
        "alias": "dininghall",
        "userDefined": false
      },
      {
        "text": ".",
        "userDefined": false
      }
    ],
    "isTemplate": false,
    "count": 0,
    "lang": "en",
    "updated": 0
  },
  {
    "id": "151b1542-19fd-4291-ac42-42b1a1155a6b",
    "data": [
      {
        "text": "I want to go to ",
        "userDefined": false
      },
      {
        "text": "marycrest",
        "meta": "@DiningHall",
        "alias": "dininghall",
        "userDefined": false
      }
    ],
    "isTemplate": false,
    "count": 0,
    "lang": "en",
    "updated": 0
  },
  {
    "id": "8df0d9e5-2692-4713-aab5-23d64a5aec40",
    "data": [
      {
        "text": "How to reach ",
        "userDefined": false
      },
      {
        "text": "marycrest",
        "meta": "@DiningHall",
        "alias": "dininghall",
        "userDefined": false
      },
      {
        "text": "?",
        "userDefined": false
      }
    ],
    "isTemplate": false,
    "count": 0,
    "lang": "en",
    "updated": 0
  },
  {
    "id": "9e6563f4-bd97-49c5-8ba6-1b67cd4b2437",
    "data": [
      {
        "text": "How is ",
        "userDefined": false
      },
      {
        "text": "marycrest",
        "meta": "@DiningHall",
        "alias": "dininghall",
        "userDefined": false
      },
      {
        "text": "?",
        "userDefined": false
      }
    ],
    "isTemplate": false,
    "count": 0,
    "lang": "en",
    "updated": 0
  },
  {
    "id": "49c7b77b-3af3-42a9-886e-8192b3d0b4fd",
    "data": [
      {
        "text": "marycrest",
        "meta": "@DiningHall",
        "alias": "dininghall",
        "userDefined": false
      },
      {
        "text": " located where?",
        "userDefined": false
      }
    ],
    "isTemplate": false,
    "count": 0,
    "lang": "en",
    "updated": 0
  },
  {
    "id": "b7a724b4-5e56-4e04-b3f2-04ff06d6b265",
    "data": [
      {
        "text": "where is ",
        "userDefined": false
      },
      {
        "text": "marycrest",
        "meta": "@DiningHall",
        "alias": "dininghall",
        "userDefined": false
      },
      {
        "text": "?",
        "userDefined": false
      }
    ],
    "isTemplate": false,
    "count": 0,
    "lang": "en",
    "updated": 0
  },
  {
    "id": "baa25f4d-5d48-47d6-b325-bc9bf48155b6",
    "data": [
      {
        "text": "Where is ",
        "userDefined": false
      },
      {
        "text": "marycrest",
        "meta": "@DiningHall",
        "alias": "dininghall",
        "userDefined": false
      },
      {
        "text": " located?",
        "userDefined": false
      }
    ],
    "isTemplate": false,
    "count": 0,
    "lang": "en",
    "updated": 0
  },
  {
    "id": "bb74101b-524e-4b5a-97b1-ef2cb7e906c4",
    "data": [
      {
        "text": "Tell me about ",
        "userDefined": false
      },
      {
        "text": "marycrest",
        "meta": "@DiningHall",
        "alias": "dininghall",
        "userDefined": false
      }
    ],
    "isTemplate": false,
    "count": 0,
    "lang": "en",
    "updated": 0
  }
]