[
  {
    "id": "1e1729ae-86d6-4850-a1b1-c5892bd6a5ca",
    "data": [
      {
        "text": "I want to order a ",
        "userDefined": false
      },
      {
        "text": "pizza",
        "meta": "@FoodItems",
        "alias": "fooditems",
        "userDefined": false
      },
      {
        "text": ", ",
        "userDefined": false
      },
      {
        "text": "sandwich",
        "meta": "@FoodItemsEmporium",
        "alias": "fooditemsemporium",
        "userDefined": false
      },
      {
        "text": " and a ",
        "userDefined": false
      },
      {
        "text": "coffee",
        "meta": "@FoodItems",
        "alias": "fooditems",
        "userDefined": false
      }
    ],
    "isTemplate": false,
    "count": 0,
    "lang": "en",
    "updated": 0
  },
  {
    "id": "a2b2d467-f3ca-47a7-9dfb-ad054190ca06",
    "data": [
      {
        "text": "How to order?",
        "userDefined": false
      }
    ],
    "isTemplate": false,
    "count": 0,
    "lang": "en",
    "updated": 0
  },
  {
    "id": "66a6245b-4321-40c8-a11a-3c37bb13e885",
    "data": [
      {
        "text": "Where can I order?",
        "userDefined": false
      }
    ],
    "isTemplate": false,
    "count": 0,
    "lang": "en",
    "updated": 0
  },
  {
    "id": "8caebbbf-fe60-4468-9713-fdcaf4acdf55",
    "data": [
      {
        "text": "I would like to order french ",
        "userDefined": false
      },
      {
        "text": "fries",
        "meta": "@FoodItems",
        "alias": "fooditems",
        "userDefined": false
      },
      {
        "text": " and ",
        "userDefined": false
      },
      {
        "text": "burger",
        "meta": "@FoodItems",
        "alias": "fooditems",
        "userDefined": false
      }
    ],
    "isTemplate": false,
    "count": 0,
    "lang": "en",
    "updated": 0
  },
  {
    "id": "f860cca5-2408-49b4-a919-694fc3255b2e",
    "data": [
      {
        "text": "I want to order ",
        "userDefined": false
      },
      {
        "text": "burger",
        "meta": "@FoodItems",
        "alias": "fooditems",
        "userDefined": false
      }
    ],
    "isTemplate": false,
    "count": 0,
    "lang": "en",
    "updated": 0
  },
  {
    "id": "6c509e7c-476b-4677-bd8d-41f10a84b22d",
    "data": [
      {
        "text": "I am ready for order",
        "userDefined": false
      }
    ],
    "isTemplate": false,
    "count": 0,
    "lang": "en",
    "updated": 0
  }
]