[
  {
    "id": "3ef4c466-2c6b-4a42-a30f-349585703d8c",
    "data": [
      {
        "text": "where is ",
        "userDefined": false
      },
      {
        "text": "kennedy union",
        "meta": "@DiningHall",
        "alias": "dininghall",
        "userDefined": false
      },
      {
        "text": "?",
        "userDefined": false
      }
    ],
    "isTemplate": false,
    "count": 0,
    "lang": "en",
    "updated": 0
  },
  {
    "id": "bb3594ac-813d-4a51-879b-27af761a8335",
    "data": [
      {
        "text": "I am lost I need location till ",
        "userDefined": false
      },
      {
        "text": "KU",
        "meta": "@DiningHall",
        "alias": "dininghall",
        "userDefined": false
      },
      {
        "text": ".",
        "userDefined": false
      }
    ],
    "isTemplate": false,
    "count": 0,
    "lang": "en",
    "updated": 0
  },
  {
    "id": "3d51296c-4205-425e-a7a1-5844995e889c",
    "data": [
      {
        "text": "I want to go to ",
        "userDefined": false
      },
      {
        "text": "Kennedy Union",
        "meta": "@DiningHall",
        "alias": "dininghall",
        "userDefined": false
      },
      {
        "text": "?",
        "userDefined": false
      }
    ],
    "isTemplate": false,
    "count": 0,
    "lang": "en",
    "updated": 0
  },
  {
    "id": "86aae3d2-395d-48bf-a23f-ef946c7f1304",
    "data": [
      {
        "text": "How to reach ",
        "userDefined": false
      },
      {
        "text": "KU",
        "meta": "@DiningHall",
        "alias": "dininghall",
        "userDefined": false
      },
      {
        "text": "?",
        "userDefined": false
      }
    ],
    "isTemplate": false,
    "count": 0,
    "lang": "en",
    "updated": 0
  },
  {
    "id": "5d936893-389c-44a1-8eb9-a367f7bf9252",
    "data": [
      {
        "text": "How is ",
        "userDefined": false
      },
      {
        "text": "kennedy union",
        "meta": "@DiningHall",
        "alias": "dininghall",
        "userDefined": false
      },
      {
        "text": "?",
        "userDefined": false
      }
    ],
    "isTemplate": false,
    "count": 0,
    "lang": "en",
    "updated": 0
  },
  {
    "id": "2b951a37-a323-4cc1-beb5-078b988e10be",
    "data": [
      {
        "text": "where is ",
        "userDefined": false
      },
      {
        "text": "KU",
        "meta": "@DiningHall",
        "alias": "dininghall",
        "userDefined": false
      },
      {
        "text": "?",
        "userDefined": false
      }
    ],
    "isTemplate": false,
    "count": 0,
    "lang": "en",
    "updated": 0
  },
  {
    "id": "fed31066-9af2-4301-b209-53897a6c206d",
    "data": [
      {
        "text": "KU",
        "meta": "@DiningHall",
        "alias": "dininghall",
        "userDefined": false
      },
      {
        "text": " located where?",
        "userDefined": false
      }
    ],
    "isTemplate": false,
    "count": 0,
    "lang": "en",
    "updated": 0
  },
  {
    "id": "108610f0-d5c9-452f-9f3d-f1af756330f7",
    "data": [
      {
        "text": "Where is ",
        "userDefined": false
      },
      {
        "text": "KU",
        "meta": "@DiningHall",
        "alias": "dininghall",
        "userDefined": false
      },
      {
        "text": " located?",
        "userDefined": false
      }
    ],
    "isTemplate": false,
    "count": 0,
    "lang": "en",
    "updated": 0
  },
  {
    "id": "64cd47d0-5943-40d5-a002-50ddd1fbdd2e",
    "data": [
      {
        "text": "Tell me about ",
        "userDefined": false
      },
      {
        "text": "KU",
        "meta": "@DiningHall",
        "alias": "dininghall",
        "userDefined": false
      }
    ],
    "isTemplate": false,
    "count": 0,
    "lang": "en",
    "updated": 0
  }
]