[
  {
    "id": "bec9c789-6b6d-4fb2-9ce0-c842598d4d97",
    "data": [
      {
        "text": "I am lost I need location till ",
        "userDefined": false
      },
      {
        "text": "Emporium",
        "meta": "@DiningHall",
        "alias": "dininghall",
        "userDefined": false
      }
    ],
    "isTemplate": false,
    "count": 0,
    "lang": "en",
    "updated": 0
  },
  {
    "id": "9c7c72a7-18a6-4af8-bfce-7553784218c7",
    "data": [
      {
        "text": "I want to go to ",
        "userDefined": false
      },
      {
        "text": "Emporium",
        "meta": "@DiningHall",
        "alias": "dininghall",
        "userDefined": false
      },
      {
        "text": ".",
        "userDefined": false
      }
    ],
    "isTemplate": false,
    "count": 0,
    "lang": "en",
    "updated": 0
  },
  {
    "id": "6e2b5a0a-91d7-4ec9-b9ed-db0fd3d6d657",
    "data": [
      {
        "text": "How to reach ",
        "userDefined": false
      },
      {
        "text": "Emporium",
        "meta": "@DiningHall",
        "alias": "dininghall",
        "userDefined": false
      },
      {
        "text": "?",
        "userDefined": false
      }
    ],
    "isTemplate": false,
    "count": 0,
    "lang": "en",
    "updated": 0
  },
  {
    "id": "01766a8e-d38e-48d1-b554-db51f2c40f84",
    "data": [
      {
        "text": "How is ",
        "userDefined": false
      },
      {
        "text": "Emporium",
        "meta": "@DiningHall",
        "alias": "dininghall",
        "userDefined": false
      },
      {
        "text": "?",
        "userDefined": false
      }
    ],
    "isTemplate": false,
    "count": 0,
    "lang": "en",
    "updated": 0
  },
  {
    "id": "680a3e5e-28f5-4b0f-a2b2-6f041323c38f",
    "data": [
      {
        "text": "Emporium",
        "meta": "@DiningHall",
        "alias": "dininghall",
        "userDefined": false
      },
      {
        "text": " located where?",
        "userDefined": false
      }
    ],
    "isTemplate": false,
    "count": 0,
    "lang": "en",
    "updated": 0
  },
  {
    "id": "79419c0b-c199-45f1-8326-91c84c67e06d",
    "data": [
      {
        "text": "where is ",
        "userDefined": false
      },
      {
        "text": "Emporium",
        "meta": "@DiningHall",
        "alias": "dininghall",
        "userDefined": false
      },
      {
        "text": "?",
        "userDefined": false
      }
    ],
    "isTemplate": false,
    "count": 0,
    "lang": "en",
    "updated": 0
  },
  {
    "id": "deccbe8c-9f12-418d-81a2-5708ad907aa4",
    "data": [
      {
        "text": "Where is ",
        "userDefined": false
      },
      {
        "text": "Emporium",
        "meta": "@DiningHall",
        "alias": "dininghall",
        "userDefined": false
      },
      {
        "text": " located?",
        "userDefined": false
      }
    ],
    "isTemplate": false,
    "count": 0,
    "lang": "en",
    "updated": 0
  },
  {
    "id": "5738c119-fbca-469e-87a3-a51d4183bb7d",
    "data": [
      {
        "text": "Tell me about ",
        "userDefined": false
      },
      {
        "text": "Emporium",
        "meta": "@DiningHall",
        "alias": "dininghall",
        "userDefined": false
      }
    ],
    "isTemplate": false,
    "count": 0,
    "lang": "en",
    "updated": 0
  }
]