[
  {
    "id": "2640173d-b894-4cb8-a72d-3e1d1f2de01c",
    "data": [
      {
        "text": "I want the best of best ",
        "userDefined": false
      },
      {
        "text": "sub",
        "meta": "@FoodItemsEmporium",
        "alias": "fooditemsemporium",
        "userDefined": false
      }
    ],
    "isTemplate": false,
    "count": 0,
    "lang": "en",
    "updated": 0
  },
  {
    "id": "c23eca51-ea7a-40d1-be5a-7830338871df",
    "data": [
      {
        "text": "Give me a good ",
        "userDefined": false
      },
      {
        "text": "deli wrap",
        "meta": "@FoodItemsEmporium",
        "alias": "fooditemsemporium",
        "userDefined": false
      }
    ],
    "isTemplate": false,
    "count": 0,
    "lang": "en",
    "updated": 0
  },
  {
    "id": "f08d1a21-099c-4412-a05a-1e18ded8f30c",
    "data": [
      {
        "text": "Best place for ",
        "userDefined": false
      },
      {
        "text": "build your own sandwich?",
        "meta": "@FoodItemsEmporium",
        "alias": "fooditemsemporium",
        "userDefined": false
      }
    ],
    "isTemplate": false,
    "count": 0,
    "lang": "en",
    "updated": 0
  },
  {
    "id": "6ac75d0f-89c3-4e6c-99a4-c2ffcc833479",
    "data": [
      {
        "text": "I want a ",
        "userDefined": false
      },
      {
        "text": "byo sandwich",
        "meta": "@FoodItemsEmporium",
        "alias": "fooditemsemporium",
        "userDefined": false
      }
    ],
    "isTemplate": false,
    "count": 0,
    "lang": "en",
    "updated": 0
  },
  {
    "id": "5a0a1451-cd19-4a77-a76d-b810b241fc15",
    "data": [
      {
        "text": "Can I ",
        "userDefined": false
      },
      {
        "text": "BYO sandwich",
        "meta": "@FoodItemsEmporium",
        "alias": "fooditemsemporium",
        "userDefined": false
      },
      {
        "text": "?",
        "userDefined": false
      }
    ],
    "isTemplate": false,
    "count": 0,
    "lang": "en",
    "updated": 0
  },
  {
    "id": "52760ac3-2f80-48d3-82bc-56ec0b001f61",
    "data": [
      {
        "text": "I want to have a ",
        "userDefined": false
      },
      {
        "text": "sub",
        "meta": "@FoodItemsEmporium",
        "alias": "fooditemsemporium",
        "userDefined": false
      }
    ],
    "isTemplate": false,
    "count": 0,
    "lang": "en",
    "updated": 0
  },
  {
    "id": "3995d00b-0157-4a63-b0c7-3ecfca5864df",
    "data": [
      {
        "text": "Is there ",
        "userDefined": false
      },
      {
        "text": "soup",
        "meta": "@FoodItemsEmporium",
        "alias": "fooditemsemporium",
        "userDefined": false
      },
      {
        "text": " anywhere?",
        "userDefined": false
      }
    ],
    "isTemplate": false,
    "count": 0,
    "lang": "en",
    "updated": 0
  },
  {
    "id": "3d7bb1a4-781b-4a58-8039-68ff988f3726",
    "data": [
      {
        "text": "I want to try a ",
        "userDefined": false
      },
      {
        "text": "quesadilla",
        "meta": "@FoodItemsEmporium",
        "alias": "fooditemsemporium",
        "userDefined": false
      }
    ],
    "isTemplate": false,
    "count": 0,
    "lang": "en",
    "updated": 0
  },
  {
    "id": "16fc702f-ceb9-4990-8e3d-ed591afb7296",
    "data": [
      {
        "text": "Any good places around for a ",
        "userDefined": false
      },
      {
        "text": "sandwich",
        "meta": "@FoodItemsEmporium",
        "alias": "fooditemsemporium",
        "userDefined": false
      },
      {
        "text": "?",
        "userDefined": false
      }
    ],
    "isTemplate": false,
    "count": 0,
    "lang": "en",
    "updated": 0
  }
]