[
  {
    "id": "93a71fa1-839f-4a23-8662-b4f7bef752cb",
    "data": [
      {
        "text": "Provide me with menu",
        "userDefined": false
      }
    ],
    "isTemplate": false,
    "count": 0,
    "lang": "en",
    "updated": 0
  },
  {
    "id": "b9f99c6d-e138-4712-a1ce-c4cd2f3f82bc",
    "data": [
      {
        "text": "Give me my options",
        "userDefined": false
      }
    ],
    "isTemplate": false,
    "count": 0,
    "lang": "en",
    "updated": 0
  },
  {
    "id": "ee5751d7-d0ec-44b2-a4cd-f18c0f34954a",
    "data": [
      {
        "text": "Give me the menu",
        "userDefined": false
      }
    ],
    "isTemplate": false,
    "count": 0,
    "lang": "en",
    "updated": 0
  },
  {
    "id": "6d96e048-1e37-4910-b49d-1a68c68a1cc8",
    "data": [
      {
        "text": "Where can I browse my options?",
        "userDefined": false
      }
    ],
    "isTemplate": false,
    "count": 0,
    "lang": "en",
    "updated": 0
  },
  {
    "id": "baa41cb0-636b-429f-84ae-d16186c8e0de",
    "data": [
      {
        "text": "Let me browse the menu",
        "userDefined": false
      }
    ],
    "isTemplate": false,
    "count": 0,
    "lang": "en",
    "updated": 0
  },
  {
    "id": "e6c588d5-76e1-4926-bf54-1f333514980f",
    "data": [
      {
        "text": "Can I browse through the menu?",
        "userDefined": false
      }
    ],
    "isTemplate": false,
    "count": 0,
    "lang": "en",
    "updated": 0
  },
  {
    "id": "5cad961f-8f35-4c70-9cc0-0a08eebeec15",
    "data": [
      {
        "text": "My options?",
        "userDefined": false
      }
    ],
    "isTemplate": false,
    "count": 0,
    "lang": "en",
    "updated": 0
  },
  {
    "id": "0edd9015-ff76-4485-83ac-9fb9af4434fc",
    "data": [
      {
        "text": "Menu please.",
        "userDefined": false
      }
    ],
    "isTemplate": false,
    "count": 0,
    "lang": "en",
    "updated": 0
  },
  {
    "id": "88fd04d0-e769-480b-ab0e-814969081235",
    "data": [
      {
        "text": "What are my options?",
        "userDefined": false
      }
    ],
    "isTemplate": false,
    "count": 0,
    "lang": "en",
    "updated": 0
  },
  {
    "id": "345938eb-bc60-40d7-bf50-e08f5e07ee9e",
    "data": [
      {
        "text": "What are my menu options?",
        "userDefined": false
      }
    ],
    "isTemplate": false,
    "count": 0,
    "lang": "en",
    "updated": 0
  },
  {
    "id": "2fc8cd05-d228-46e2-9af1-5a373c019d3f",
    "data": [
      {
        "text": "Where do I see the menu?",
        "userDefined": false
      }
    ],
    "isTemplate": false,
    "count": 0,
    "lang": "en",
    "updated": 0
  },
  {
    "id": "21b54b56-a82b-4903-bdf4-02bd083b42e7",
    "data": [
      {
        "text": "Can I get the menu?",
        "userDefined": false
      }
    ],
    "isTemplate": false,
    "count": 0,
    "lang": "en",
    "updated": 0
  }
]