[
  {
    "id": "1a078dd2-d04e-4d1a-8e5a-beed14cf5b3a",
    "data": [
      {
        "text": "I want a ",
        "userDefined": false
      },
      {
        "text": "personal pizza",
        "meta": "@FoodItemsMarycrest",
        "alias": "fooditemsmarycrest",
        "userDefined": false
      }
    ],
    "isTemplate": false,
    "count": 0,
    "lang": "en",
    "updated": 0
  },
  {
    "id": "bb5cab4a-ad68-4e7f-9ca3-f61ddf842bc8",
    "data": [
      {
        "text": "Would you get me a ",
        "userDefined": false
      },
      {
        "text": "baked potato",
        "meta": "@FoodItemsMarycrest",
        "alias": "fooditemsmarycrest",
        "userDefined": false
      },
      {
        "text": "?",
        "userDefined": false
      }
    ],
    "isTemplate": false,
    "count": 0,
    "lang": "en",
    "updated": 0
  },
  {
    "id": "39664d7e-88db-4cb7-82d0-024fccfc4a0d",
    "data": [
      {
        "text": "Can I get a ",
        "userDefined": false
      },
      {
        "text": "grilled sandwich?",
        "meta": "@FoodItemsMarycrest",
        "alias": "fooditemsmarycrest",
        "userDefined": false
      }
    ],
    "isTemplate": false,
    "count": 0,
    "lang": "en",
    "updated": 0
  },
  {
    "id": "5ff836a9-22b8-483a-adb8-e06bfa28f47e",
    "data": [
      {
        "text": "Where can I get ",
        "userDefined": false
      },
      {
        "text": "deli sandwiches",
        "meta": "@FoodItemsMarycrest",
        "alias": "fooditemsmarycrest",
        "userDefined": false
      },
      {
        "text": "?",
        "userDefined": false
      }
    ],
    "isTemplate": false,
    "count": 0,
    "lang": "en",
    "updated": 0
  },
  {
    "id": "69f154ed-9aa1-49ab-9366-0e1d8ecc2505",
    "data": [
      {
        "text": "I feel like having a ",
        "userDefined": false
      },
      {
        "text": "steak",
        "meta": "@FoodItemsMarycrest",
        "alias": "fooditemsmarycrest",
        "userDefined": false
      }
    ],
    "isTemplate": false,
    "count": 0,
    "lang": "en",
    "updated": 0
  },
  {
    "id": "d96d3dd6-58a4-4199-86d9-be3994ff6d2b",
    "data": [
      {
        "text": "I need ",
        "userDefined": false
      },
      {
        "text": "personal pizza",
        "meta": "@FoodItemsMarycrest",
        "alias": "fooditemsmarycrest",
        "userDefined": false
      }
    ],
    "isTemplate": false,
    "count": 0,
    "lang": "en",
    "updated": 0
  },
  {
    "id": "bd8f909f-67a3-4c59-8e40-6ac4cfce7551",
    "data": [
      {
        "text": "I want ",
        "userDefined": false
      },
      {
        "text": "grilled burger",
        "meta": "@FoodItemsMarycrest",
        "alias": "fooditemsmarycrest",
        "userDefined": false
      }
    ],
    "isTemplate": false,
    "count": 0,
    "lang": "en",
    "updated": 0
  }
]