[
  {
    "value": "Kennedy Union",
    "synonyms": [
      "Kennedy Union",
      "KU",
      "kennedy union"
    ]
  },
  {
    "value": "Virginai W Kettering",
    "synonyms": [
      "Virginai W Kettering",
      "VWK",
      "vwk",
      "virginia w kettering",
      "virginia kettering"
    ]
  },
  {
    "value": "Marycrest",
    "synonyms": [
      "Marycrest",
      "MaryCrest",
      "marycrest"
    ]
  },
  {
    "value": "Emporium",
    "synonyms": [
      "Emporium",
      "emporium"
    ]
  }
]