[
  {
    "value": "burrito",
    "synonyms": [
      "deli",
      "burrito"
    ]
  },
  {
    "value": "wrap",
    "synonyms": [
      "wrap"
    ]
  },
  {
    "value": "sushi",
    "synonyms": [
      "sushi rolls",
      "sushi"
    ]
  },
  {
    "value": "butter chicken",
    "synonyms": [
      "butter chicken",
      "butter chicken meal"
    ]
  },
  {
    "value": "mac n cheese",
    "synonyms": [
      "mac n cheese",
      "mnc",
      "m\u0026c"
    ]
  },
  {
    "value": "mongolian food",
    "synonyms": [
      "mongolian food",
      "mongolian grill"
    ]
  },
  {
    "value": "lunch special",
    "synonyms": [
      "lunch special",
      "dinner special"
    ]
  },
  {
    "value": "cuisine from around the globe",
    "synonyms": [
      "cuisine from around the globe"
    ]
  },
  {
    "value": "halal lamb meal",
    "synonyms": [
      "halal lamb meal",
      "lamb",
      "lamb meal",
      "halal"
    ]
  }
]