[
  {
    "value": "salads",
    "synonyms": [
      "salads"
    ]
  },
  {
    "value": "burgers",
    "synonyms": [
      "burgers"
    ]
  },
  {
    "value": "fries",
    "synonyms": [
      "fries"
    ]
  },
  {
    "value": "coffee",
    "synonyms": [
      "coffee"
    ]
  },
  {
    "value": "pasta",
    "synonyms": [
      "pasta"
    ]
  },
  {
    "value": "rice bowl",
    "synonyms": [
      "rice bowl"
    ]
  },
  {
    "value": "soups",
    "synonyms": [
      "soups"
    ]
  },
  {
    "value": "pizza",
    "synonyms": [
      "pizza"
    ]
  },
  {
    "value": "potato dishes",
    "synonyms": [
      "potato dishes"
    ]
  },
  {
    "value": "pastry",
    "synonyms": [
      "pastry"
    ]
  },
  {
    "value": "gourmet",
    "synonyms": [
      "gourmet"
    ]
  },
  {
    "value": "cookies",
    "synonyms": [
      "cookies"
    ]
  }
]