[
  {
    "value": "steak",
    "synonyms": [
      "steak"
    ]
  },
  {
    "value": "personal pizza",
    "synonyms": [
      "personal pizza"
    ]
  },
  {
    "value": "deli sandwiches",
    "synonyms": [
      "deli sandwiches"
    ]
  },
  {
    "value": "grilled burgers",
    "synonyms": [
      "grilled burgers"
    ]
  },
  {
    "value": "baked potato",
    "synonyms": [
      "baked potato"
    ]
  },
  {
    "value": "grilled sandwiches",
    "synonyms": [
      "grilled sandwiches",
      "grilled sandwich"
    ]
  }
]