[
  {
    "value": "BYO sandwiches",
    "synonyms": [
      "BYO sandwiches",
      "BYO sanwich",
      "sandwiches",
      "sandwich",
      "Buil Your own sandwich",
      "build your own sandwich"
    ]
  },
  {
    "value": "sub",
    "synonyms": [
      "subs",
      "deli wraps"
    ]
  },
  {
    "value": "quesadilla",
    "synonyms": [
      "quesadilla",
      "Quesadilla",
      "quesadillas"
    ]
  },
  {
    "value": "soup",
    "synonyms": [
      "soup"
    ]
  },
  {
    "value": "pizzas",
    "synonyms": [
      "pizzas"
    ]
  }
]